customer_id,customer_name,email,registration_date,customer_type
CUST0001,Allison Hill,donaldgarcia@example.net,2025-11-06,REGULAR
CUST0002,Javier Johnson,jesseguzman@example.net,2024-05-16,REGULAR
CUST0003,Meredith Barnes,zlawrence@example.org,2024-03-17,REGULAR
CUST0004,GINA MOORE,curtis61@example.com,2024-12-28,REGULAR
CUST0005,Renee Blair,dudleynicholas@example.net,2024-10-10,PREMIUM
CUST0006,Lisa Hensley,janetwilliams@example.org,2024-10-04,REGULAR
CUST0007,Dr. Sharon James,xreid@example.org,2025-02-07,REGULAR
CUST0008,Michael Miles,lynchgeorge@example.net,2024-07-27,REGULAR
CUST0009,James Mayo,gabriellecameron@example.org,2024-07-02,REGULAR
CUST0010,Renee Morales,clarksherri@example.net,2024-11-12,REGULAR
CUST0011,Jonathan Wilkerson,ithomas@example.org,2025-12-01,REGULAR
CUST0012,Nicole Patterson,icox@example.net,2025-08-17,REGULAR
CUST0013,Anthony Rodriguez,laurahenderson@example.org,2025-03-01,REGULAR
CUST0014,Zachary Rice,frazierdanny@example.net,2024-08-30,REGULAR
CUST0015,Gina Carter,shawnmckay@example.net,2024-08-25,PREMIUM
CUST0016,Pamela Romero,harrellkenneth@example.net,2025-09-08,REGULAR
CUST0017,Brittany Farmer,georgetracy@example.org,2025-01-26,REGULAR
CUST0018,Sandra Parker,allenashley@example.org,2023-11-23,REGULAR
CUST0019,Rose Spence,davidalvarez@example.net,2024-03-25,REGULAR
CUST0020,Shane Henderson,sarahcampos@example.net,2024-05-20,REGULAR
CUST0021,Jennifer Powers,samuel87@example.org,2024-08-01,REGULAR
CUST0022,George Chapman,briannasmith@example.net,2026-03-19,REGULAR
CUST0023,Austin Johnson,chad34@example.net,2025-08-05,REGULAR
CUST0024,Carlos Walls,esanchez@example.com,2024-05-03,REGULAR
CUST0025,Matthew Gomez,uowens@example.org,2026-05-24,REGULAR
CUST0026,Maria Brown,lauren13@example.org,2024-05-03,REGULAR
CUST0027,Brenda White,ewright@example.com,2025-11-13,REGULAR
CUST0028,Matthew Fernandez,novaksara@example.org,2024-03-27,REGULAR
CUST0029,John Hancock,martinaaron@example.com,2024-08-27,REGULAR
CUST0030,Rachel Mitchell,smoore@example.org,2023-10-11,PREMIUM
CUST0031,Kimberly Adkins,williamsthomas@example.net,2024-03-13,REGULAR
CUST0032,Jordan York,larsonemma@example.org,2025-03-31,REGULAR
CUST0033,Steve Sanchez,harveyrobert@example.net,2025-12-07,REGULAR
CUST0034,Taylor Harris,john62@example.net,2026-04-10,REGULAR
CUST0035,Eugene Walton,smithchristine@example.net,2023-12-15,PREMIUM
CUST0036,Daniel Baker,nicole35@example.com,2024-03-14,REGULAR
CUST0037,joshua turner,contrerasangela@example.net,2023-12-20,PREMIUM
CUST0038,Brandy Wilson,newtoneric@example.com,2026-02-06,REGULAR
CUST0039,Grant Watts,william40@example.org,2026-03-24,REGULAR
CUST0040,Donald Smith,danagreen@example.net,2025-05-29,VIP
CUST0041,Jessica Smith,landryhannah@example.org,2025-11-06,REGULAR
CUST0042,Jacob Tran,tanderson@example.com,2023-09-12,REGULAR
CUST0043,Christine Wright,gomezanita@example.com,2026-03-03,REGULAR
CUST0044,Tammy Young,theresacochran@example.com,2023-08-20,REGULAR
CUST0045,Tim Patton,vpham@example.org,2024-08-30,VIP
CUST0046,Michael Reyes,garrisonjeffrey@example.com,2025-01-06,REGULAR
CUST0047,Robert Perez,kellerraymond@example.com,2023-10-28,REGULAR
CUST0048,Diana May,ifrazier@example.com,2023-08-24,VIP
CUST0049,Wesley White,benjamin96@example.com,2024-11-11,PREMIUM
CUST0050,William Wilson,jonathanfletcher@example.org,2025-09-27,REGULAR
CUST0051,Kimberly Ball,michaeljones@example.net,2024-12-06,REGULAR
CUST0052,Mary Martinez,william65@example.com,2026-06-30,REGULAR
CUST0053,Cameron Fisher,lbyrd@example.net,2025-12-13,REGULAR
CUST0054,Joshua Smith,jason99@example.net,2024-11-24,PREMIUM
CUST0055,Jeremy Lewis,yleon@example.net,2024-04-01,REGULAR
CUST0056,Diane Beck,clarence34@example.org,2024-05-17,VIP
CUST0057,Angel Riggs,gibsonolivia@example.net,2024-05-10,PREMIUM
CUST0058,Janet Ross,dianasmith@example.org,2025-05-03,REGULAR
CUST0059,Robert Dominguez,pwilliams@example.org,2025-06-21,REGULAR
CUST0060,John Schmidt,stephanie79@example.net,2025-09-04,VIP
CUST0061,Terry Griffin,juliawells@example.com,2024-07-31,REGULAR
CUST0062,Destiny Strickland,rsims@example.com,2023-11-10,REGULAR
CUST0063,Cynthia Rogers,taylorjesse@example.net,2024-03-06,REGULAR
CUST0064,Amy Russell,nperry@example.com,2025-03-09,REGULAR
CUST0065,Lauren Dominguez,wwoods@example.com,2025-03-09,REGULAR
CUST0066,Tiffany Barnes,tracynelson@example.com,2023-08-27,VIP
CUST0067,Michael Yates,marycalhoun@example.net,2025-10-19,REGULAR
CUST0068,James Elliott,millerroy@example.com,2024-04-20,REGULAR
CUST0069,James Lewis,matthew64@example.com,2024-08-07,VIP
CUST0070,Julie Curry,cookemichael@example.net,2023-10-27,REGULAR
CUST0071,Marissa Webster,jamessmith@example.org,2024-07-17,VIP
CUST0072,Michael Elliott,stevenscott@example.com,2024-03-29,REGULAR
CUST0073,Tracey Higgins,tamirodriguez@example.org,2024-11-08,REGULAR
CUST0074,Susan Brooks,charlesvaughn@example.net,2024-07-24,REGULAR
CUST0075,Raymond Jefferson,hoganashlee@example.org,2025-01-02,PREMIUM
CUST0076,Mary Jones,alexander67@example.org,2025-05-16,REGULAR
CUST0077,Madison Poole,ryangross@example.net,2024-09-04,REGULAR
CUST0078,Tamara Hampton,ugraham@example.net,2024-09-01,PREMIUM
CUST0079,David Michael,nicole37@example.net,2026-02-15,REGULAR
CUST0080,Gabrielle Snyder,hunter35@example.com,2024-12-22,REGULAR
CUST0081,Kyle Beard,blackjames@example.org,2025-04-04,PREMIUM
CUST0082,Peter Vaughn DDS,bwest@example.org,2024-10-12,REGULAR
CUST0083,Michael Torres,thomas85@example.com,2025-11-13,PREMIUM
CUST0084,Michael Nelson,jerry35@example.org,2025-10-22,VIP
CUST0085,Melissa Lee,lhill@example.net,2026-01-25,REGULAR
CUST0086,Brian Lee,michaelturner@example.net,2025-10-19,PREMIUM
CUST0087,Angel Brown,heidi27@example.org,2023-08-01,REGULAR
CUST0088,Julie Alexander,tammyking@example.com,2024-01-06,REGULAR
CUST0089,Jennifer Jones,hernandezlisa@example.com,2023-11-22,REGULAR
CUST0090,Bailey Duran DDS,kimberlyjames@example.com,2024-10-16,REGULAR
CUST0091,Wanda Torres,lynchjody@example.org,2026-03-10,REGULAR
CUST0092,Matthew Moore,andreamoore@example.com,2025-06-11,REGULAR
CUST0093,Julie Johnson,jasmine71@example.net,2024-07-09,REGULAR
CUST0094,Rachel Weber,ronaldstephens@example.net,2024-02-29,REGULAR
CUST0095,Samantha Jones,lauralarson@example.net,2024-10-03,REGULAR
CUST0096,John Torres,gbender@example.net,2025-08-18,REGULAR
CUST0097,Kyle Preston,cassandra01@example.org,2026-05-25,REGULAR
CUST0098,Laura Sampson,barbara27@example.net,2026-04-20,REGULAR
CUST0099,DONALD SHEA,fwalters@example.org,2025-07-12,REGULAR
CUST0100,Gary Santiago,marksteele@example.com,2026-05-07,REGULAR
CUST0101,Robin Pierce,qmiller@example.com,2024-01-09,REGULAR
CUST0102,Jennifer Robertson,sandovalamy@example.com,2023-10-05,VIP
CUST0103,Isaiah Avila,nwolf@example.com,2025-11-12,REGULAR
CUST0104,Dwayne Gilmore,omartinez@example.net,2024-07-18,REGULAR
CUST0105,Emily Smith,hdavis@example.com,2024-01-11,PREMIUM
CUST0106,Brittany Cantu,william46@example.com,2025-07-15,REGULAR
CUST0107,Juan Reyes,michellehill@example.com,2024-12-21,REGULAR
CUST0108,Katie Hoover,jessica99@example.net,2025-08-11,PREMIUM
CUST0109,Jill Washington,andrea86@example.com,2024-11-23,PREMIUM
CUST0110,Veronica Allen,xhall@example.com,2023-09-18,PREMIUM
CUST0111,John Mcintyre,qhughes@example.net,2024-03-05,REGULAR
CUST0112,Andrew Shaw MD,sawyerscott@example.net,2025-06-21,REGULAR
CUST0113,Charles Pitts,charlesharrington@example.com,2024-12-19,REGULAR
CUST0114,Jennifer Miller,melissa86@example.com,2026-03-12,REGULAR
CUST0115,Olivia Brennan,williamsonjimmy@example.net,2024-10-01,REGULAR
CUST0116,Nicole Hamilton MD,wallaceheather@example.org,2023-09-22,PREMIUM
CUST0117,Anthony Howard,hthomas@example.com,2025-12-08,PREMIUM
CUST0118,Catherine Thompson,pharvey@example.com,2026-01-03,VIP
CUST0119,Joel King,elizabeth74@example.net,2025-11-08,REGULAR
CUST0120,Jeremy Reed,danielle64@example.com,2024-10-24,VIP
CUST0121,James Webb,patrickhoward@example.com,2026-07-03,REGULAR
CUST0122,William Barrett,alan09@example.net,2025-08-22,REGULAR
CUST0123,Stephanie Parsons,catherinegomez@example.net,2024-05-03,VIP
CUST0124,Megan Le,courtneyberger@example.net,2023-09-12,REGULAR
CUST0125,Jeremiah Riley,christopherphillips@example.net,2025-04-18,REGULAR
CUST0126,Carlos Ryan,alyssa42@example.com,2025-07-30,VIP
CUST0127,Elizabeth Harrell,mcdonaldcharles@example.org,2026-05-28,REGULAR
CUST0128,Veronica Coffey,christopher60@example.com,2025-10-23,REGULAR
CUST0129,Jacob Curry,brenda51@example.net,2024-07-10,PREMIUM
CUST0130,Manuel Hahn,rose31@example.net,2025-07-03,REGULAR
CUST0131,Elizabeth Ortiz,brandonjohnson@example.com,2024-01-09,REGULAR
CUST0132,Stephen Taylor,vwatson@example.net,2025-10-29,REGULAR
CUST0133,Patrick Moore,fpena@example.net,2025-04-06,REGULAR
CUST0134,Diana Vaughn,scottsampson@example.com,2023-12-14,PREMIUM
CUST0135,Mrs. Stephanie Newman,sandersjames@example.org,2025-06-18,REGULAR
CUST0136,Daniel Fowler,williamsmatthew@example.org,2025-12-06,VIP
CUST0137,Ronald Spencer,lisahall@example.org,2026-01-23,PREMIUM
CUST0138,Scott Thomas,amberlindsey@example.org,2026-05-04,VIP
CUST0139,Bonnie Howard,briannasmith@example.com,2023-10-02,REGULAR
CUST0140,Jason Wilson,alvarezkimberly@example.net,2026-01-20,PREMIUM
CUST0141,Jonathan Dougherty,acostaregina@example.net,2025-09-30,REGULAR
CUST0142,Mason Johnson,bboone@example.net,2023-12-27,PREMIUM
CUST0143,Theodore Jones Jr.,cameronhill@example.net,2026-01-07,REGULAR
CUST0144,Erika Vang,shawn96@example.org,2026-07-07,REGULAR
CUST0145,Matthew Rich,russellbeasley@example.com,2024-12-20,REGULAR
CUST0146,Jennifer Blair,ronald45@example.org,2026-06-13,REGULAR
CUST0147,Andrea Decker,reynoldsjulie@example.com,2024-01-31,PREMIUM
CUST0148,Laurie Hoffman,elizabeth65@example.net,2025-04-30,PREMIUM
CUST0149,Michelle Schmitt,michael98@example.org,2024-03-09,REGULAR
CUST0150,Courtney Rodriguez,danny49@example.org,2025-05-09,REGULAR
CUST0151,Vanessa Cardenas,lynchdiane@example.net,2024-08-31,REGULAR
CUST0152,Donald Farmer,michael22@example.net,2026-04-29,REGULAR
CUST0153,Charles Schultz,davisalyssa@example.com,2025-04-25,REGULAR
CUST0154,Christopher Collins,kimberly99@example.org,2023-10-02,REGULAR
CUST0155,Paul Williams,nelsonebony@example.com,2026-02-10,REGULAR
CUST0156,Donald Fischer,reeddaniel@example.net,2026-05-31,REGULAR
CUST0157,Kelsey Parker,randallgreene@example.org,2024-05-25,PREMIUM
CUST0158,Daniel Taylor,keith10@example.com,2025-05-11,VIP
CUST0159,james padilla,charles06@example.org,2025-06-26,VIP
CUST0160,Shannon Johnston,amckinney@example.com,2024-01-07,PREMIUM
CUST0161,Vincent Jackson,xcollier@example.org,2025-05-21,PREMIUM
CUST0162,Dana Chapman,fosterkyle@example.com,2024-06-21,REGULAR
CUST0163,Christopher Dixon,schmidtjames@example.com,2025-01-08,REGULAR
CUST0164,Sabrina Briggs,curtisscott@example.org,2026-02-02,PREMIUM
CUST0165,Peter Jones,kmarshall@example.net,2025-06-09,VIP
CUST0166,Sonia Day,michelle52@example.com,2023-10-27,REGULAR
CUST0167,Mark Hogan,bellcharles@example.com,2025-06-14,REGULAR
CUST0168,Jacob Mitchell,gilbertwilliam@example.com,2025-12-30,REGULAR
CUST0169,Rebecca Huang,kstout@example.net,2024-04-30,REGULAR
CUST0170,John Hernandez,hayeslisa@example.com,2023-11-21,VIP
CUST0171,Carrie Wright,hritter@example.net,2026-02-14,REGULAR
CUST0172,Jake Campbell,rschroeder@example.net,2023-10-02,VIP
CUST0173,Maria Jones,grantpaul@example.com,2026-04-27,VIP
CUST0174,Lindsey Hernandez,aguilardonald@example.com,2024-11-05,REGULAR
CUST0175,Melissa Myers,collinsnicholas@example.com,2024-01-27,REGULAR
CUST0176,Sandra Rodgers,lucasrodney@example.com,2023-08-10,VIP
CUST0177,Christopher Lewis,ilee@example.org,2023-11-09,REGULAR
CUST0178,Richard Romero,stanleynancy@example.net,2024-02-01,PREMIUM
CUST0179,Brittany White,jenniferwilliams@example.com,2026-05-28,REGULAR
CUST0180,Tracy Bishop,pyoung@example.com,2025-07-10,REGULAR
CUST0181,Cheyenne Gregory,smurray@example.com,2025-09-01,VIP
CUST0182,Tracy Montoya,moniquewilliams@example.com,2025-02-08,PREMIUM
CUST0183,Ashley Singleton,mitchellkathryn@example.com,2025-06-09,REGULAR
CUST0184,Brittany Kim,lisawilkerson@example.org,2025-04-17,PREMIUM
CUST0185,Jonathan Young,brooksanthony@example.org,2026-04-17,REGULAR
CUST0186,Charles Johnson,ihorton@example.net,2025-07-10,REGULAR
CUST0187,aaron miller,jason28@example.net,2026-02-12,REGULAR
CUST0188,Ashley Roberts,david36@example.net,2026-03-06,PREMIUM
CUST0189,Brian Stein,chenbailey@example.net,2024-02-21,PREMIUM
CUST0190,Aaron Gomez,qlopez@example.org,2025-10-03,PREMIUM
CUST0191,Andrea Fox,myerstheodore@example.net,2025-03-04,REGULAR
CUST0192,Mrs. Alexis Kramer,john19@example.net,2024-12-10,PREMIUM
CUST0193,Harold Morgan,mariacohen@example.net,2025-07-25,PREMIUM
CUST0194,Robin Brown,mjohnson@example.org,2024-05-17,REGULAR
CUST0195,Emily Collins,ihays@example.com,2024-08-09,PREMIUM
CUST0196,Matthew Mitchell,glennmartin@example.org,2025-02-03,PREMIUM
CUST0197,James Gonzales,lmorgan@example.com,2026-06-22,PREMIUM
CUST0198,Tim Stone PhD,mmillerexample.org,2025-11-06,REGULAR
CUST0199,Brian Murphy,kirk96@example.org,2026-06-18,PREMIUM
CUST0200,Jeremy Acosta,christina64@example.net,2023-10-10,REGULAR
CUST0201,Mark Cox,stephaniethomas@example.net,2026-05-31,REGULAR
CUST0202,Amanda Jones,michael90@example.net,2024-03-07,REGULAR
CUST0203,Tiffany Watson,berryalyssa@example.com,2024-11-12,REGULAR
CUST0204,Danielle Wilson,victorhughes@example.net,2024-01-11,PREMIUM
CUST0205,David Griffin,heather73@example.org,2024-02-08,REGULAR
CUST0206,Jodi Roach,zosborn@example.net,2024-11-20,REGULAR
CUST0207,Michelle Pierce,patricia22@example.com,2025-09-10,REGULAR
CUST0208,William Conner,kristyjohnson@example.net,2025-12-18,VIP
CUST0209,Robert Arnold,jonesraymond@example.net,2025-07-25,REGULAR
CUST0210,Patricia Morrow,martinezlogan@example.org,2025-06-11,REGULAR
CUST0211,JOSEPH ANDERSON,katrinaanderson@example.net,2023-10-07,VIP
CUST0212,Kelly Torres,marcusfletcher@example.com,2025-09-26,REGULAR
CUST0213,Sarah King,david49@example.net,2023-12-05,PREMIUM
CUST0214,Caroline David,georgeweber@example.net,2024-12-18,REGULAR
CUST0215,Kristy Bryan,millerstacy@example.net,2024-08-27,VIP
CUST0216,Pamela Butler,jimenezcourtney@example.com,2026-04-05,REGULAR
CUST0217,Karen Ballard,eevans@example.net,2023-10-14,REGULAR
CUST0218,Jason Marshall,catherine55@example.net,2024-12-30,REGULAR
CUST0219,Bianca Wood,floressteven@example.com,2025-06-10,PREMIUM
CUST0220,Brent Roberts,alin@example.org,2024-03-17,REGULAR
CUST0221,Taylor Griffith,kathrynjimenez@example.net,2025-07-07,REGULAR
CUST0222,Mr. Alexander Landry MD,jasongomez@example.org,2024-09-22,REGULAR
CUST0223,Stephen Pena MD,booneryan@example.com,2025-01-31,PREMIUM
CUST0224,Holly Morales,michaelroberts@example.com,2025-09-03,REGULAR
CUST0225,Joshua Bryan,andersoncolin@example.com,2024-12-20,REGULAR
CUST0226,Holly Thomas,cporter@,2024-02-10,REGULAR
CUST0227,Regina Stone,catherinerobertson@example.com,2026-02-19,REGULAR
CUST0228,James Jensen,brittney88@example.net,2025-08-11,REGULAR
CUST0229,Elizabeth Cabrera,mark16@example.net,2024-11-01,PREMIUM
CUST0230,Molly Watts,carlsonjoseph@example.net,2025-12-27,REGULAR
CUST0231,Mikayla Silva,alexandriagriffith@example.com,2024-02-27,REGULAR
CUST0232,Dana Armstrong,leescott@example.com,2024-03-04,REGULAR
CUST0233,Damon Shaw,vsalas@example.net,2023-10-17,PREMIUM
CUST0234,Kelly Hoffman,ufox@example.org,2025-06-26,REGULAR
CUST0235,Gloria Gomez,chelsea33@example.com,2025-11-25,REGULAR
CUST0236,Todd Hendrix,janet75@example.com,2025-01-04,REGULAR
CUST0237,Taylor Griffith,david86@example.com,2024-12-30,REGULAR
CUST0238,REGINA ROBERTS,stephanie15@example.com,2026-04-27,PREMIUM
CUST0239,John Harris,sarah42@example.org,2026-02-23,VIP
CUST0240,Cynthia Williams,danawilliams@example.com,2024-12-07,REGULAR
CUST0241,Ashlee Townsend,oconnelltiffany@example.org,2025-04-05,REGULAR
CUST0242,Shirley Alvarez,katelynmitchell@example.com,2026-04-11,REGULAR
CUST0243,Randy Pearson,amandasharp@example.org,2024-04-09,REGULAR
CUST0244,Ryan Peck,osbornrandy@example.com,2024-04-27,REGULAR
CUST0245,Tonya Howe,smithashley@example.org,2024-12-14,REGULAR
CUST0246,William Daniels,ismall@example.net,2025-07-09,PREMIUM
CUST0247,Robert Rivera,twong@example.org,2023-08-03,REGULAR
CUST0248,Rachel Bradley,gregorychase@example.com,2025-05-07,REGULAR
CUST0249,Angie Caldwell,tinawoods@example.org,2023-07-23,REGULAR
CUST0250,David Molina,kevin90@example.com,2026-04-23,REGULAR
CUST0251,David Contreras,zparker@example.net,2025-08-31,REGULAR
CUST0252,Stacy Carrillo,fowlershelia@example.com,2026-02-21,REGULAR
CUST0253,Tyler Mendoza,madkins@example.com,2025-04-18,REGULAR
CUST0254,Susan Todd,kathleenbecker@example.net,2023-11-17,REGULAR
CUST0255,Kelsey Cox,brownamy@example.net,2024-05-22,REGULAR
CUST0256,Brittany Murphy,nwilson@example.net,2026-01-03,VIP
CUST0257,Steven Griffin Jr.,williambryant@example.org,2025-11-27,REGULAR
CUST0258,Robert Cummings,ascott@example.net,2024-06-15,PREMIUM
CUST0259,Amber Cooper,weaverbrian@example.org,2025-07-15,PREMIUM
CUST0260,Jason Mack,ybrooks@example.com,2025-02-18,REGULAR
CUST0261,Michael Stanley,desireebailey@example.org,2025-10-24,REGULAR
CUST0262,Cameron Irwin,avilatiffany@example.com,2026-05-24,REGULAR
CUST0263,Jessica Gray,johnreed@example.com,2024-04-30,VIP
CUST0264,Molly Rodriguez,bmendez@example.org,2024-05-28,REGULAR
CUST0265,Kirk Griffin,sanchezbradley@example.com,2024-07-11,VIP
CUST0266,Nicole Parsons,williamroberts@example.net,2025-12-23,REGULAR
CUST0267,Kyle Chambers,joel28@example.org,2025-04-15,REGULAR
CUST0268,Antonio Fry,conniesimmons@example.com,2023-09-23,REGULAR
CUST0269,Teresa Powers,heather62@example.com,2025-02-16,REGULAR
CUST0270,Joshua Allen,kevinzimmerman@example.com,2023-10-10,PREMIUM
CUST0271,Tracy Grant,paulscott@example.com,2026-04-12,REGULAR
CUST0272,Jerry Watson,brettbennett@example.net,2026-02-03,VIP
CUST0273,Benjamin Ballard,timothybooth@example.com,2024-10-25,REGULAR
CUST0274,Alexis Giles,burgesskaren@example.org,2026-06-27,PREMIUM
CUST0275,Christine Herman,kimberly67@example.net,2026-04-15,REGULAR
CUST0276,Dennis Hunt,zowens@example.net,2025-07-11,REGULAR
CUST0277,Erica Harris,robert93@example.net,2024-02-24,VIP
CUST0278,Juan Silva,mphillips@example.com,2024-07-04,REGULAR
CUST0279,Roy Porter,jonathan77@example.com,2024-03-30,PREMIUM
CUST0280,Heather Taylor,iwhite@example.net,2023-10-12,PREMIUM
CUST0281,Sara Jones,duranrobert@example.net,2024-07-06,REGULAR
CUST0282,Chris Robinson,nbrooks@example.net,2026-05-13,VIP
CUST0283,Susan Hopkins,smithandrea@example.org,2023-08-07,REGULAR
CUST0284,Denise Madden,shawheidi@example.com,2024-04-16,PREMIUM
CUST0285,Brent Hernandez,christineking@example.com,2024-08-31,VIP
CUST0286,Angela Chung,scunningham@example.org,2024-10-20,REGULAR
CUST0287,Sarah Valdez,davisnicholas@example.net,2025-07-21,REGULAR
CUST0288,Adam Jackson,pbruce@example.com,2025-12-08,REGULAR
CUST0289,Valerie Jacobson,hallrachel@example.net,2025-12-09,REGULAR
CUST0290,Anthony Jones,rachel90@example.org,2024-11-12,REGULAR
CUST0291,Daniel Thomas,thickman@example.org,2025-12-05,REGULAR
CUST0292,ruben price,patrick21@example.net,2024-12-31,REGULAR
CUST0293,Jeffrey Roberson,cassie99@example.com,2024-12-01,REGULAR
CUST0294,Donald Riddle,jperez@example.com,2025-05-13,REGULAR
CUST0295,Kevin James,lauren11@example.com,2024-03-08,REGULAR
CUST0296,Richard Moore,gstewart@example.org,2023-07-21,REGULAR
CUST0297,Jill Juarez,andersonjacob@example.com,2025-11-24,VIP
CUST0298,Jennifer Johnson,angela99@example.com,2025-03-02,REGULAR
CUST0299,Jason Maxwell,ashleyjackson@example.com,2024-04-01,REGULAR
CUST0300,Eric Snyder,jacksonjoshua@example.com,2025-08-03,REGULAR
CUST0301,Heather Raymond,mwheeler@example.com,2023-12-26,REGULAR
CUST0302,Adam Foster,vbrock@example.com,2024-12-13,REGULAR
CUST0303,Rodney Curtis,kevinmorrison@example.net,2024-05-20,REGULAR
CUST0304,Christopher Sanders,kelly79@example.org,2024-11-30,PREMIUM
CUST0305,Robert Long,frederickjames@example.net,2024-04-17,REGULAR
CUST0306,Krista Benton,nhahn@example.com,2024-10-07,REGULAR
CUST0307,Andrea Abbott,ichambers@example.net,2024-10-25,REGULAR
CUST0308,Matthew Espinoza,mjones@example.com,2026-01-02,REGULAR
CUST0309,Jonathon Knapp,ystephens@example.com,2026-07-06,REGULAR
CUST0310,Kimberly Little,rodriguezjohn@example.net,2025-01-14,REGULAR
CUST0311,Lonnie Hart,vrasmussen@example.com,2023-12-24,PREMIUM
CUST0312,David Dixon,seanmyers@example.net,2026-01-12,REGULAR
CUST0313,Brittany Cuevas,agarcia@example.org,2024-01-09,VIP
CUST0314,Monica Bailey,stanley38@example.com,2025-01-04,VIP
CUST0315,Jeffrey Horton,carlos01@example.org,2024-12-26,REGULAR
CUST0316,Megan Martin,zacharyarnold@example,2025-11-28,REGULAR
CUST0317,Joel Salinas,jacobsandoval@example.com,2023-08-27,REGULAR
CUST0318,Sonya Cole,tprice@example.org,2024-05-27,REGULAR
CUST0319,Michael Flynn,lloydamanda@example.com,2024-11-30,REGULAR
CUST0320,Brian Lambert,orose@example.com,2026-01-25,REGULAR
CUST0321,James Wilson,megan92@example.net,2024-10-17,REGULAR
CUST0322,Leslie Powers,david41@example.org,2025-02-11,REGULAR
CUST0323,Kayla Barnes,baileyhenderson@example.com,2026-03-26,VIP
CUST0324,Tamara Arias,angelaburns@example.org,2024-04-28,REGULAR
CUST0325,Jerry Brown,stephanie72@example.org,2025-02-28,VIP
CUST0326,Kathy Simpson,cperry@example.com,2024-03-28,REGULAR
CUST0327,Andre Juarez,antonio38@example.com,2024-03-30,REGULAR
CUST0328,Krystal Barton,hdunn@example.net,2024-01-06,VIP
CUST0329,Joshua Ritter,wolfscott@example.org,2025-05-03,REGULAR
CUST0330,Ronald Potter,nancy07@example.com,2025-01-04,REGULAR
CUST0331,Angie Grimes,rowejoel@example.net,2026-01-11,VIP
CUST0332,Shannon Bishop,imartin@example.org,2024-05-29,REGULAR
CUST0333,Laura Patel,mariopadilla@example.com,2025-12-18,PREMIUM
CUST0334,Scott Duke,taylorkaren@example.com,2023-10-13,REGULAR
CUST0335,Sharon Martinez DVM,dustinmorris@example.org,2026-05-28,REGULAR
CUST0336,Charles Chen,ebrooks@example.net,2023-12-04,REGULAR
CUST0337,Paul Neal,shawn75@example.net,2023-07-16,REGULAR
CUST0338,Sarah Davis,sreid@example.com,2023-10-19,PREMIUM
CUST0339,Jennifer Donaldson,troymorris@example.com,2024-12-18,REGULAR
CUST0340,Bianca Phelps,patricia00@example.org,2026-03-11,REGULAR
CUST0341,Julia Martinez,scottsmith@example.com,2024-05-22,PREMIUM
CUST0342,Susan Khan MD,clarence54@example.org,2025-02-09,PREMIUM
CUST0343,Mariah Williams,jessica36@,2023-12-01,REGULAR
CUST0344,April Woods,brittneystone@example.com,2023-07-27,PREMIUM
CUST0345,Greg Martinez,ebenson@example.org,2024-07-02,REGULAR
CUST0346,Nicholas Garcia,michael42@example.com,2024-02-04,VIP
CUST0347,Megan Jones,bishopfrank@example.com,2024-06-07,PREMIUM
CUST0348,Brittany Jenkins,fheath@example.org,2024-02-15,VIP
CUST0349,Leah Cruz,iedwards@example.org,2024-09-15,REGULAR
CUST0350,Danielle Burke,kimberly04@example.org,2025-09-24,VIP
CUST0351,Chelsea Myers,bowerslaura@example.org,2025-08-19,REGULAR
CUST0352,David Little,ricetiffany@example.com,2024-11-15,REGULAR
CUST0353,Scott Carroll,amy27@example.org,2023-08-07,VIP
CUST0354,Alexis Lewis,fryraymond@example.com,2026-03-15,REGULAR
CUST0355,Pamela Henderson,imiller@example.net,2026-02-23,PREMIUM
CUST0356,Bradley Miller,terrimoore@example.com,2025-03-10,PREMIUM
CUST0357,Pamela Santos,collinssamuel@example.org,2023-10-10,REGULAR
CUST0358,Tim Wilson,parkerjudith@example.net,2024-04-10,REGULAR
CUST0359,Michael Miles,tylerreed@example.net,2024-08-18,REGULAR
CUST0360,Cameron Norman,jessica10@example.com,2025-05-09,VIP
CUST0361,Austin Joseph,crawfordwilliam@example.org,2025-08-27,REGULAR
CUST0362,Carol Moore,shannonemily@example.org,2024-07-01,PREMIUM
CUST0363,April Trevino,sanchezthomas@example.com,2024-03-02,REGULAR
CUST0364,Tyler Johnson,pwalker@example.com,2024-11-21,REGULAR
CUST0365,Blake Watson,whitelinda@example.org,2025-03-26,PREMIUM
CUST0366,John Campbell,mark87@example.org,2025-02-05,REGULAR
CUST0367,Justin Torres,stevenvargas@example.com,2024-05-11,REGULAR
CUST0368,Kimberly Flynn,adamortiz@example.org,2025-10-31,REGULAR
CUST0369,Ryan Wiley,aaron64@example.org,2024-05-26,PREMIUM
CUST0370,Cynthia Vasquez,kaufmandouglas@example.com,2023-12-04,PREMIUM
CUST0371,David Bruce,xhaynes@example.com,2023-11-21,REGULAR
CUST0372,Kathy Walsh,kjones@example.org,2025-05-18,VIP
CUST0373,Bianca Carter,sara65@example.com,2025-06-15,REGULAR
CUST0374,Benjamin Harris,moorefrank@example.com,2024-11-11,REGULAR
CUST0375,JOSHUA OCONNELL,shannonford@example.org,2023-11-30,REGULAR
CUST0376,Michael Mckenzie,lewismelissa@example.org,2023-12-01,REGULAR
CUST0377,Tracy Foster,byrdjorge@example.org,2023-08-30,REGULAR
CUST0378,Sarah Hawkins,codygarcia@example.org,2024-01-17,PREMIUM
CUST0379,Ronald Haas,jamesmorales@example.net,2026-03-18,REGULAR
CUST0380,Angela Willis,johnsoncaleb@example.net,2025-05-31,REGULAR
CUST0381,Anna Boone,david70@example.org,2025-12-20,REGULAR
CUST0382,Nathaniel Crawford,lvega@example.com,2024-06-10,REGULAR
CUST0383,Denise Griffin,austinharvey@example.org,2026-04-13,REGULAR
CUST0384,Jason Pierce,millerpatrick@example.com,2024-05-17,REGULAR
CUST0385,Rebecca Wright,mayokimberly@example.com,2025-07-27,REGULAR
CUST0386,Kari Durham,paul20@,2026-01-25,VIP
CUST0387,Steven Osborne,stokesthomas@example.com,2026-01-05,REGULAR
CUST0388,Dr. Ariel Sandoval MD,gallagherstacie@example.net,2025-03-07,REGULAR
CUST0389,Ryan Bruce,joelstewart@example.net,2026-06-30,REGULAR
CUST0390,Kevin Warner,stacey92@example.net,2024-04-30,REGULAR
CUST0391,Rita Waller,gregory01@example.org,2024-07-08,REGULAR
CUST0392,Alicia Woods,samantha32@example.com,2024-04-13,REGULAR
CUST0393,Sarah Morris,hernandezjanet@example.org,2024-01-01,REGULAR
CUST0394,Shannon Yu,janet69@example.org,2024-12-16,VIP
CUST0395,Chad Moore,fconner@example.net,2024-11-16,REGULAR
CUST0396,Wayne Steele,jeffrey92@example.com,2024-10-31,REGULAR
CUST0397,Elizabeth Thompson,rushstacy@example.com,2025-12-10,REGULAR
CUST0398,Lance Mccall,daniellegarcia@example.com,2024-02-16,PREMIUM
CUST0399,Blake Reed,gary15@example.com,2023-07-30,REGULAR
CUST0400,David Jones,kristin00@example.com,2025-05-23,REGULAR
CUST0401,Tracy Wilkerson,wmacias@example.net,2025-02-15,VIP
CUST0402,John Shields,franciscojones@example.org,2024-10-13,REGULAR
CUST0403,Dean Garcia,george62@example.net,2023-11-06,REGULAR
CUST0404,Stephanie Davis,bbush@example.net,2024-03-25,VIP
CUST0405,Jessica Brown,jamie36@example.net,2025-11-19,REGULAR
CUST0406,Monica Baker,kenneth10@example.com,2025-12-17,PREMIUM
CUST0407,Katherine Brown,pattersonkelly@example.net,2026-03-10,REGULAR
CUST0408,Christina Johnson,daniellerowland@example.com,2024-01-08,REGULAR
CUST0409,James Burns,christopher86@example.org,2025-02-08,PREMIUM
CUST0410,Jaclyn Griffin,scott43@example.com,2025-12-05,REGULAR
CUST0411,Paul Contreras,barnettlindsey@example.com,2026-01-14,REGULAR
CUST0412,Antonio Hughes,rsheppard@example.com,2025-12-18,VIP
CUST0413,Karen Miller,shawrachel@example.net,2026-05-30,REGULAR
CUST0414,Mrs. Tiffany Cole,teresastokes@example.org,2023-09-17,PREMIUM
CUST0415,William Graham,maryscott@example.net,2023-10-25,REGULAR
CUST0416,Justin Arnold,april09@example.net,2025-10-01,REGULAR
CUST0417,Ashley Hernandez,buckleyanna@example.org,2024-09-29,PREMIUM
CUST0418,Sheryl Humphrey,patrick79@example.net,2025-07-16,REGULAR
CUST0419,Donald Thomas,vwilliams@example.net,2024-07-16,PREMIUM
CUST0420,John Adams,andrew44@example.com,2025-08-14,REGULAR
CUST0421,Melinda Compton,dennismccann@example.com,2024-11-22,REGULAR
CUST0422,Jason Brewer,scottmcintyre@example.com,2025-08-03,REGULAR
CUST0423,Sharon Nicholson,cameronmckinney@example.com,2024-02-08,REGULAR
CUST0424,Kelly Carroll,jameswhitaker@example.org,2024-08-03,REGULAR
CUST0425,Anthony Ward,joshuacolon@example.net,2025-03-20,REGULAR
CUST0426,Becky Johnson,tracy72@example.com,2026-01-09,REGULAR
CUST0427,Hailey Monroe,kaitlyn14@example.org,2025-03-04,REGULAR
CUST0428,Scott Chan,mercedesholland@example.net,2024-05-29,PREMIUM
CUST0429,Jason Smith,wellsdavid@example.org,2026-01-31,REGULAR
CUST0430,Courtney Franklin,jennifer46@example.com,2025-01-04,PREMIUM
CUST0431,Daniel Turner,asilva@example.net,2026-05-06,VIP
CUST0432,Sara Hoffman,kenneth17@example.org,2024-12-16,REGULAR
CUST0433,margaret hensley md,jacob83@example.org,2026-01-30,REGULAR
CUST0434,Francisco Taylor,rioswhitney@example.com,2025-04-23,REGULAR
CUST0435,Norman Aguilar,matthewreeves@example.net,2025-10-20,PREMIUM
CUST0436,Karen Shepard,william28@example.org,2024-10-11,PREMIUM
CUST0437,Carl Green,staceylam@example.net,2023-11-28,REGULAR
CUST0438,Daniel Savage,vfrench@example.com,2024-08-20,REGULAR
CUST0439,Julie Wilson,delacruzbrandy@example.net,2023-10-31,PREMIUM
CUST0440,Cory Wilson,amoreno@example.org,2024-03-03,REGULAR
CUST0441,Curtis Ortiz,tthomas@example.org,2023-11-15,REGULAR
CUST0442,Mr. Christopher Walters,hayesjason@example.org,2025-12-24,PREMIUM
CUST0443,Katherine Gallagher,andersonryan@example.com,2025-03-30,REGULAR
CUST0444,John Smith,jessicadodson@example.com,2025-10-14,PREMIUM
CUST0445,Michael Sims,jeremywiley@example.com,2024-01-29,VIP
CUST0446,Jonathan Torres,colonkenneth@example.com,2025-06-20,REGULAR
CUST0447,Linda Morgan,matthewvalenzuela@example.com,2024-04-30,PREMIUM
CUST0448,Terry Burnett,perezjessica@example.org,2024-06-05,REGULAR
CUST0449,Leah Jackson,jennifer06@example.net,2024-08-13,REGULAR
CUST0450,Lisa Wheeler,stanleydesiree@example.org,2023-09-25,PREMIUM
CUST0451,Jennifer James,thomas23@example.net,2026-06-12,REGULAR
CUST0452,Elizabeth Stanley,cindy26@example.org,2025-09-14,REGULAR
CUST0453,Autumn Wilson,jimenezchelsea@example.com,2025-10-02,REGULAR
CUST0454,Heather Ortiz,benjamincrawford@example.org,2026-06-16,REGULAR
CUST0455,Erin Smith,meadowsmary@example.net,2025-08-18,VIP
CUST0456,Brandon Hunt,conwaydawn@example.com,2024-10-14,VIP
CUST0457,Anthony Li,phelpsmichael@example.net,2024-11-09,PREMIUM
CUST0458,Brian York,smithdevon@example.net,2024-04-02,PREMIUM
CUST0459,Steven Friedman,natalie15@example.com,2024-04-22,PREMIUM
CUST0460,James Bryant,evaughnexample.com,2026-04-15,REGULAR
CUST0461,Carol Anderson,jarvismegan@example.org,2025-04-19,VIP
CUST0462,Karen Carroll,ywhite@example.com,2026-02-16,PREMIUM
CUST0463,Michael Roberson,timothyfreeman@example.com,2025-05-27,REGULAR
CUST0464,Dennis Edwards,tiffanysantiago@example.com,2025-09-26,REGULAR
CUST0465,Mercedes Davis,timothyalvarado@example.net,2025-03-01,REGULAR
CUST0466,Ronald Mcclain,smithsarah@example.net,2025-07-11,PREMIUM
CUST0467,Sheila Jones,vflores@,2023-09-29,REGULAR
CUST0468,Krista Gray,christianwallace@example.net,2025-06-08,REGULAR
CUST0469,Jonathan Stewart,bmcgee@example.org,2025-03-30,REGULAR
CUST0470,Justin Smith,connersylvia@example.net,2024-10-28,REGULAR
CUST0471,Kristina Pena,xclements@example.org,2024-06-23,REGULAR
CUST0472,Evelyn Saunders,xmoran@example.net,2025-06-14,REGULAR
CUST0473,Peter Walker,michael48@example.net,2025-02-12,PREMIUM
CUST0474,Amber Martin,lydianewton@example.com,2023-12-26,PREMIUM
CUST0475,Craig Martinez,ylewis@example.org,2024-12-18,REGULAR
CUST0476,Jason House,bartonshannon@example.net,2026-01-13,PREMIUM
CUST0477,Brandy Porter,tranryan@example.net,2025-08-01,REGULAR
CUST0478,Priscilla Kent,jessicaanderson@example.com,2026-04-29,PREMIUM
CUST0479,Sonya Gordon,mbarnes@example.net,2024-08-01,REGULAR
CUST0480,Victor Waller,iballard@example.com,2026-02-02,VIP
CUST0481,Nicole Evans,jennifer83@example.org,2024-06-02,REGULAR
CUST0482,Donna Reed,tinasantos@example.org,2025-09-02,REGULAR
CUST0483,Mallory Page,anna99@example.net,2025-04-21,PREMIUM
CUST0484,Stephanie Ferguson,hstokes@example.org,2023-08-21,REGULAR
CUST0485,Anthony Brown,karen24@example.net,2024-08-05,PREMIUM
CUST0486,Antonio Mueller,karenjohnson@example.com,2023-12-19,REGULAR
CUST0487,Megan Hoffman,juliahoffman@example.org,2025-09-13,REGULAR
CUST0488,Rebecca Roberts,housepaul@example.net,2024-11-09,REGULAR
CUST0489,Amy Manning,christinenorman@example.com,2024-06-27,REGULAR
CUST0490,Michele Holland,kimberlybrandt@example.com,2025-06-09,REGULAR
CUST0491,Michael Lopez,jillwilson@example.org,2025-05-08,REGULAR
CUST0492,Dennis Martin,adam72@example.org,2024-03-07,REGULAR
CUST0493,Linda Ayala,tracy98@example.com,2023-11-03,VIP
CUST0494,Emily Robinson,abigailhartman@example.org,2025-04-19,VIP
CUST0495,Jennifer Bailey,elizabethrivera@example.com,2024-06-16,REGULAR
CUST0496,Lisa Wells,wilsonmichael@example.org,2026-04-05,VIP
CUST0497,Lisa Haley,patrick16@example.com,2025-10-29,PREMIUM
CUST0498,Allison Black,willie87@example.com,2023-09-19,PREMIUM
CUST0499,Matthew Flores,vaughangary@example.net,2025-10-18,REGULAR
CUST0500,Austin Santiago,michellecoleman@example.org,2024-05-27,VIP
UNKNOWN,Unknown Customer,unknown@example.com,2024-01-01,Unknown
